seq,species
TCAAAAATAAGCTTGAAATGCAAAAGCCATTTGACTTCTGT,#$@
ACATAACAATTCAAGGTTGACTACACAAAACACGTATTGAA,1124
ATCGCGCTTGGTTGAAAAGCCAGTGGCGCGAAGCTACCGTG,C.equisetifolia
GCCTCGCGCCCCAGCCATGCCGGCACCGCTTGCCTCGCATG,C.equisetifolia
CGAAATTCTCGTTTTATTCGCCTTGCCTAATTTTCATTTTA,C.equisetifolia
AATATGGAGGCTAAACTTTTCACTCTCAAGATTGAGTCTTT,C.equisetifolia
AAATCACTGCCATCCGAGCTCGGTTTTATACTTGAACTCTG,C.equisetifolia
TAAGTCTAAATCCCTTCCGGCACCAGGAAACATCAATATGT,C.equisetifolia
ATCAATTTTAGGTTGTATTACAATACAGTAATATCTAATAC,C.equisetifolia
TAAATAACTTAATCAAATTCCGTGAGGCTTCGTGAAGTGCT,C.equisetifolia
GTATTGGAACATTATGTCAACTCGGTTTGGAACAAGAAACT,F.vesca
CATGAAGTCTGGTATTTTTCCATGTGCACATTACCAACTTC,F.vesca
GTAGCATACATCAAATGCTTCGAGAAAAAACAGAATGCAAT,F.vesca
TGCAATTTCGATGGATGTACCCCATTGAAAGGTACTTGCTC,F.vesca
AAGTAGCAATCGTACGCTGACTTAAACATCGAAAAGTCGAA,F.vesca
GATGGGGACAGCAGATCCGACAGGGACTCTGGAAAGAGATG,F.vesca
TATGACATGTACGTCGTCGTCGCCATGAGGGTGTGCCGCCG,F.vesca
GGGTCCCTCCGGCGCCTTGTCTCCCGGTCCTTCAGGCTCCG,F.vesca
GCTCAAATATACAGTGGATGCATTCTTCTGGTTGTGTATTG,F.vesca
TTGACAAAATGGTGTCTAGACCGGGAGTGTCGCTATTAGAG,F.vesca
ATACTTGGAGGGCTACTGTCCAAATTAGACAAAAAGTGCCT,S.cerevisiae
CTTTACCAACAATGAAACTCCAGTAATTATCAAATTATTCT,S.cerevisiae
AGGTCTTTTGAAAAAATTGTCGTTTCCGTCATGGTCGGGAA,S.cerevisiae
CTTGGTGTCATCACTGCCACCATTGCTGTTATTTCCACCCC,S.cerevisiae
GTTCAAAGTTGGGAGTGGGACGGAAAGGGTATATAAGAAAA,S.cerevisiae
GGCAAAACGGCTTCCTCATCCAACAACGGTAGTACACCGGT,S.cerevisiae
CTCTGTGACCTAGGCTCTGACGCTGACTGATATTCCTCAAT,S.cerevisiae
ACGATCATTTGTTAACGTTTCAATATGGAGGGTAGAACAAC,S.cerevisiae
TATGTACAATCGTACTTTGACAATATCAATCAATTGATCAA,S.cerevisiae
TTGAGTTGATTATATAATCGCTATTTAATCTTTTAAAGGGG,S.cerevisiae
AAATCAGCCGTCGACACAACCCAACCGGTAACGTTTGCCAG,Tolypocladium
GGGATCTCAACGAAATCTCGCGGCACGGCCGGCCCGTGGAA,Tolypocladium
GCCGCACTCGGGGCATCGCTCGATGGGGCGCTCGCGGGTGA,Tolypocladium
TACTTCATCCGCCAGCGCCGCATAGGCGCCAGGGAGGCCAA,Tolypocladium
GACGAGGGTGAGGAAAGCAGCGACTGGATGAACGACGAGAA,Tolypocladium
GCGTTGGTCATCTCACGCCGCTGATCTGCCCTGGTGGACGC,Tolypocladium
CCCGTCTTCCCACACACAGACACCACCCACGCCACCCCCCG,Tolypocladium
GGCCAGAGGAGGCGACGTGGCCGTTGGAGGCAAAGATGTAG,Tolypocladium
GGGGGCCGGGTCGACAAGCCCATCCTGGTTTCGACAGCTCT,Tolypocladium
TCCAGCCGCAGCGGATGAGGCCGATGCCGAGCACGATGCAG,Tolypocladium