,seq,label,species,usage_idx,name_idx
0,GAATTAAACAATCCTACAGTCCATGTGAAGGATCTTTAGCA,0,C.equisetifolia,1,0
1,CTTTCAGCATTTTGGTGGTACATACCTGACAAATTCTGCTG,0,C.equisetifolia,1,0
2,ATTGTAAGCAATGTTGCCAGCCTGAACGAGAAGCAAGGCAC,0,C.equisetifolia,1,0
3,TACATGTTAATTAAAGGAAGCCAAGGAAATATCATTTTTGT,0,C.equisetifolia,1,0
4,ACAATGAGCAAATGCGCGTTCGCACCGTCCAGTAAAATCAA,0,C.equisetifolia,1,0
5,GCGTGTTAATGAATAAAAGACTATCCCATAGTGATCAACGA,0,C.equisetifolia,1,0
6,AGTCGTACCCCTTCCTTAAGCTCCCCCAAATTGCAAGCCAA,0,C.equisetifolia,1,0
7,AATTTCTTTTGATTTTTCCTCAAAAATTTATCATTAGAGAA,0,C.equisetifolia,1,0
8,TTGAAAAAGGGGTATAATAACAACATAATGTTCTTTTTACC,0,C.equisetifolia,1,0
9,AATAAAATTCGAAGTTATTTCCAAGAAACACGAGACCAAGG,0,C.equisetifolia,1,0
10,AGATCATATAAACAAAAGAACGTTTTTCAAACATTAAAGTA,0,C.equisetifolia,1,0
11,TTCGTCTAACTCATCCTTTGCACCACAAATCTGCTTTTTTA,0,C.equisetifolia,1,0
12,TAGAAGCCCTACCCATTTCTCACTTTGATCACTTAATGCTA,0,C.equisetifolia,1,0
13,AGATTACACCTTCCACGTGTCGATGACAGATGCTTCTTTTC,0,C.equisetifolia,1,0
14,CCCCCGCGTGTCCAGATACTCTTACTTCAGCCTGTCGCGCA,0,C.equisetifolia,1,0
15,TTGTTCTCTTTAATGTGGAACTGTTTGTTTAATATATTATT,0,C.equisetifolia,1,0
16,GCTCCAACAACCTACTTTTACGTGCATTGAAAACATCTTTT,0,C.equisetifolia,1,0
17,ACATTTGTCTGTTTGAATTTCGGAGGATCTTTTAATAGGTC,0,C.equisetifolia,1,0
18,GGGAATCTGGAGAATTTGATCAATATGGATGGTTCATACCA,0,C.equisetifolia,1,0
19,GGATCCCATCAAACTACCAACCTGGTTTCAATGTCTAGACA,0,C.equisetifolia,1,0
20,TATCATTTCTTCACTATTGACATACATTTGTAAACATCATT,0,C.equisetifolia,1,0
